id_bdq,lon_fire,lat_fire,data_pas,bioma,year,month,day,hour,code_muni,name_muni,name_state,lon_muni,lat_muni,co_ppb,no2_ppb,o3_ppb,pm25_ugm3,so2_ugm3,precipitacao_mmdia,temperatura_c,umidade_relativa_percentual,wind_speed_ms,wind_direction,fire_direction,direction_diff,upwind_30,upwind_35,upwind_40,upwind_45
 20427978 ,-42.506,-14.031,2004-10-14T16:30:00Z,Caatinga,2004,10,14,18,2912004,ibiassuce,bahia,-42.25577435466522,-14.276702534528113,170.2,0.8,57.8,6.3,0.5,NA,32.6,25,4.2,90,315.3298979523247,134.6701020476753,FALSE,FALSE,FALSE,FALSE
 17430580 ,-55.93,-12.178,2004-07-07T17:39:00Z,Cerrado,2004,7,7,18,5107925,sorriso,mato grosso,-55.72591367509128,-12.551776707845477,1193,4.4,110.9,135.7,6.2,NA,33.3,32,1.4,357,331.90503381087905,25.094966189120953,TRUE,TRUE,TRUE,TRUE
 17430578 ,-57.156,-11.785,2004-07-07T17:39:00Z,Amazônia,2004,7,7,18,5106273,novo horizonte do norte,mato grosso,-57.317475113823654,-11.3876347793611,471.9,0.6,53.2,25.3,1.9,NA,33,37,2.2,348,158.30944838800588,170.30944838800588,FALSE,FALSE,FALSE,FALSE
 17430562 ,-55.379,-12.677,2004-07-07T17:39:00Z,Amazônia,2004,7,7,18,5106240,nova ubirata,mato grosso,-55.273213318983984,-13.033827715955548,1280.3,6.1,120.2,150.7,7.2,NA,33.3,32,1.2,348,343.8671469335584,4.132853066441612,TRUE,TRUE,TRUE,TRUE
 17430558 ,-55.004,-12.884,2004-07-07T17:39:00Z,Amazônia,2004,7,7,18,5106240,nova ubirata,mato grosso,-55.273213318983984,-13.033827715955548,1280.3,6.1,120.2,150.7,7.2,NA,33.3,32,1.2,348,60.30024717641811,72.30024717641811,FALSE,FALSE,FALSE,FALSE
 14870092 ,-38.083,-6.878,2004-01-01T15:36:00Z,Caatinga,2004,1,1,18,2508109,lagoa,paraiba,-37.91509007010288,-6.59420861333486,106.3,0.1,29.9,7.7,0.3,NA,34.8,34,1.5,82,210.42794307652386,128.42794307652386,FALSE,FALSE,FALSE,FALSE
 14870322 ,-54.553,-12.618,2004-01-01T17:13:00Z,Amazônia,2004,1,1,18,5103700,feliz natal,mato grosso,-54.93390406642548,-12.383247028174,179.1,0,8.6,8.8,0.1,NA,32.6,47,0.7,264,122.30409144648212,141.69590855351788,FALSE,FALSE,FALSE,FALSE
 14870248 ,-52.24,-14.265,2004-01-01T17:13:00Z,Cerrado,2004,1,1,18,5100201,agua boa,mato grosso,-52.15891529860377,-14.04908680034345,152.9,0,9.4,0.1,0,NA,32,53,0.7,246,199.9985565738677,46.00144342613231,FALSE,FALSE,FALSE,FALSE
 14870094 ,-34.977,-7.785,2004-01-01T15:36:00Z,Mata Atlântica,2004,1,1,18,2606101,gloria do goita,pernambuco,-35.292322392262264,-7.999608472127238,71.6,0.6,25.9,8.6,1.4,NA,28,67,3.2,90,55.52844300224359,34.47155699775641,FALSE,TRUE,TRUE,TRUE
 14870086 ,-36.104,-9.68,2004-01-01T15:35:00Z,Mata Atlântica,2004,1,1,18,2701704,capela,alagoas,-36.07500849239357,-9.412931555522094,74.7,0.2,30.5,3.6,0.6,NA,30.1,53,2.8,80,186.1079171363727,106.10791713637269,FALSE,FALSE,FALSE,FALSE
 14870086 ,-36.104,-9.68,2004-01-01T15:35:00Z,Mata Atlântica,2004,1,1,18,2708907,satuba,alagoas,-35.828540227077134,-9.569427867757724,63.9,0.2,27.4,4.2,0.7,NA,29.4,59,3.5,80,247.82379660850307,167.82379660850307,FALSE,FALSE,FALSE,FALSE
 14870085 ,-36.11,-9.683,2004-01-01T15:35:00Z,Mata Atlântica,2004,1,1,18,2707800,roteiro,alagoas,-35.98121022139328,-9.83218949018835,59.7,0.2,26.7,3.8,0.7,NA,28.5,67,5.3,79,319.59876835905595,119.40123164094405,FALSE,FALSE,FALSE,FALSE
 14883149 ,-42.07,-4.24,2004-01-02T16:20:00Z,Caatinga,2004,1,2,18,2201960,brasileira,piaui,-41.78925964357086,-4.137829107745159,119.4,0.1,23.1,9.2,0.2,NA,35.3,35,2.4,88,249.942327056071,161.942327056071,FALSE,FALSE,FALSE,FALSE
 14883144 ,-39.116,-4.716,2004-01-02T16:20:00Z,Caatinga,2004,1,2,18,2301406,aratuba,ceara,-39.047554561796005,-4.41693064499256,87.5,0.1,21.6,8.5,0.4,NA,34,40,4.1,78,192.84852278241627,114.84852278241627,FALSE,FALSE,FALSE,FALSE
 14883136 ,-39.999,-3.123,2004-01-02T16:20:00Z,Caatinga,2004,1,2,18,2312007,santana do acarau,ceara,-40.20946285981266,-3.459775341731134,85,0.1,22,7.8,0.4,NA,33.6,43,4.7,72,31.966337600136228,40.03366239986377,FALSE,FALSE,FALSE,TRUE
 14883093 ,-39.799,-4.123,2004-01-02T16:20:00Z,Caatinga,2004,1,2,18,2300903,apuiares,ceara,-39.43042278330038,-3.9480185186148047,84.4,0.1,23.4,9,0.7,NA,33.7,42,4.7,72,244.53600750855907,172.53600750855907,FALSE,FALSE,FALSE,FALSE
 14883093 ,-39.799,-4.123,2004-01-02T16:20:00Z,Caatinga,2004,1,2,18,2313351,tejucuoca,ceara,-39.57682636171055,-3.989711808593711,87,0.1,23.7,8.9,0.6,NA,33.9,40,4.5,74,238.96802067914427,164.96802067914427,FALSE,FALSE,FALSE,FALSE
 14883092 ,-39.474,-3.499,2004-01-02T16:20:00Z,Caatinga,2004,1,2,18,2313807,uruburetama,ceara,-39.5081780697542,-3.62301683368172,78.2,0.1,22.8,8.4,0.6,NA,33.2,44,5,70,15.380516013516683,54.61948398648332,FALSE,FALSE,FALSE,FALSE
 14883073 ,-40.994,-3.22,2004-01-02T16:20:00Z,Caatinga,2004,1,2,18,2302057,barroquinha,ceara,-41.139481538165484,-3.0091167461919097,86.1,0.1,19.8,6,0.2,NA,33.6,45,4.6,61,145.44296119229057,84.44296119229057,FALSE,FALSE,FALSE,FALSE
 14883070 ,-38.54,-7.503,2004-01-02T16:19:00Z,Caatinga,2004,1,2,18,2302008,barro,ceara,-38.77988064605218,-7.16820872668523,101.5,0.1,27.4,5.6,0.3,NA,34.1,37,2.9,64,144.61597313253026,80.61597313253026,FALSE,FALSE,FALSE,FALSE
 14883063 ,-35.707,-7.112,2004-01-02T16:19:00Z,Caatinga,2004,1,2,18,2511707,piloezinhos,paraiba,-35.53058570403303,-6.840568783043275,83.3,0.1,25.6,8.6,0.4,NA,30.8,50,4,95,212.81657658359387,117.81657658359387,FALSE,FALSE,FALSE,FALSE
 14883059 ,-35.751,-6.567,2004-01-02T16:19:00Z,Caatinga,2004,1,2,18,2503605,caicara,paraiba,-35.46911428209959,-6.61746979091996,82.1,0.1,24.9,8.6,0.4,NA,31,50,4.1,97,280.20081969982687,176.79918030017313,FALSE,FALSE,FALSE,FALSE
 14883059 ,-35.751,-6.567,2004-01-02T16:19:00Z,Caatinga,2004,1,2,18,2504157,casserengue,paraiba,-35.816304829465615,-6.783760325734679,89.5,0.1,26.4,8.8,0.3,NA,31.4,45,3.9,92,16.66278952474346,75.33721047525654,FALSE,FALSE,FALSE,FALSE
 14883059 ,-35.751,-6.567,2004-01-02T16:19:00Z,Caatinga,2004,1,2,18,2505352,damiao,paraiba,-35.90994253576616,-6.631897407348119,89,0.1,26.1,8.8,0.3,NA,31.6,45,4,92,67.66497029407242,24.33502970592758,TRUE,TRUE,TRUE,TRUE
 14883054 ,-37.476,-4.679,2004-01-02T16:19:00Z,Caatinga,2004,1,2,18,2411056,tibau,rio grande do norte,-37.25130266813582,-4.8414374104414435,77,0.1,21.1,6.3,0.3,NA,34,41,5.4,55,305.9484651765349,109.05153482346509,FALSE,FALSE,FALSE,FALSE
 14883053 ,-36.782,-8.6,2004-01-02T16:18:00Z,Caatinga,2004,1,2,18,2616001,venturosa,pernambuco,-36.87837208386985,-8.57652690116664,93.5,0.1,32.4,3.3,0.4,NA,32,41,2.5,84,103.84533261306069,19.84533261306069,TRUE,TRUE,TRUE,TRUE
 14883051 ,-36.143,-8.376,2004-01-02T16:18:00Z,Caatinga,2004,1,2,18,2612505,santa cruz do capibaribe,pernambuco,-36.20395001714574,-7.9551894999999995,93.2,0.2,31,6.1,0.5,NA,30.6,47,3.4,78,171.84534768334993,93.84534768334993,FALSE,FALSE,FALSE,FALSE
 14883051 ,-36.143,-8.376,2004-01-02T16:18:00Z,Caatinga,2004,1,2,18,2614709,tacaimbo,pernambuco,-36.29040430482552,-8.315610724825847,92.4,0.2,31.1,5.7,0.5,NA,30.7,47,3.3,76,112.50364372186385,36.50364372186385,FALSE,FALSE,TRUE,TRUE
 14883050 ,-36.775,-8.557,2004-01-02T16:18:00Z,Caatinga,2004,1,2,18,2610905,pesqueira,pernambuco,-36.695514721897936,-8.355456107834964,94.1,0.1,32.2,3.9,0.4,NA,31.5,42,2.9,79,201.30464936714446,122.30464936714446,FALSE,FALSE,FALSE,FALSE
 14883049 ,-39.139,-12.321,2004-01-02T16:18:00Z,Mata Atlântica,2004,1,2,18,2910800,feira de santana,bahia,-38.96003309632135,-12.22928425248005,76.2,0.2,23.9,10.1,0.8,NA,33.9,46,2.3,94,242.30562374272796,148.30562374272796,FALSE,FALSE,FALSE,FALSE
 14883049 ,-39.139,-12.321,2004-01-02T16:18:00Z,Mata Atlântica,2004,1,2,18,2911600,governador mangabeira,bahia,-39.0340236148013,-12.60155383844495,85.8,0.9,27.7,15.6,2.4,NA,33.1,49,2.8,93,339.9183314066225,113.08166859337751,FALSE,FALSE,FALSE,FALSE
 14883049 ,-39.139,-12.321,2004-01-02T16:18:00Z,Mata Atlântica,2004,1,2,18,2927507,santa barbara,bahia,-38.96613900643851,-11.956902834138848,77.3,0.1,23.4,8.7,0.6,NA,34,45,2.2,88,204.88027711327234,116.88027711327234,FALSE,FALSE,FALSE,FALSE
 14883006 ,-40.199,-14.44,2004-01-02T16:17:00Z,Mata Atlântica,2004,1,2,18,2922706,nova canaa,bahia,-40.14517465201402,-14.7935980876719,80.1,0.1,22.3,6.3,0.4,NA,30.9,53,3,38,351.6140521582673,46.38594784173267,FALSE,FALSE,FALSE,FALSE
 14883004 ,-39.573,-15.611,2004-01-02T16:17:00Z,Mata Atlântica,2004,1,2,18,2918555,jussari,bahia,-39.49493986628961,-15.190456298928648,65.9,0.2,22.8,7.1,0.6,NA,30.2,61,3.7,32,190.1354623402434,158.1354623402434,FALSE,FALSE,FALSE,FALSE
 14883004 ,-39.573,-15.611,2004-01-02T16:17:00Z,Mata Atlântica,2004,1,2,18,2923902,pau brasil,bahia,-39.64878203611388,-15.463618816858297,69.3,0.2,22.9,7,0.4,NA,30.6,58,3.8,32,153.65631365272043,121.65631365272043,FALSE,FALSE,FALSE,FALSE
 14883003 ,-39.119,-14.719,2004-01-02T16:17:00Z,Mata Atlântica,2004,1,2,18,2902401,aurelino leal,bahia,-39.321996637705844,-14.3169494479569,62.2,0.2,24.4,7.5,0.8,NA,29.4,67,3.3,48,153.97685778764014,105.97685778764014,FALSE,FALSE,FALSE,FALSE
 14883000 ,-39.246,-15.565,2004-01-02T16:17:00Z,Mata Atlântica,2004,1,2,18,2905602,camacan,bahia,-39.49636733149173,-15.417626851830947,68.5,0.2,23.2,7.5,0.5,NA,30.3,60,3.9,32,121.45073058223824,89.45073058223824,FALSE,FALSE,FALSE,FALSE
 14882999 ,-39.703,-13.883,2004-01-02T16:17:00Z,Mata Atlântica,2004,1,2,18,2917607,jaguaquara,bahia,-39.970255183164305,-13.530698630842998,76.5,0.1,21.7,5.7,0.7,NA,31.7,50,2.6,59,143.6415819211611,84.6415819211611,FALSE,FALSE,FALSE,FALSE
 14882999 ,-39.703,-13.883,2004-01-02T16:17:00Z,Mata Atlântica,2004,1,2,18,2931608,teolandia,bahia,-39.489385788602334,-13.6011060070107,72.2,0.2,23.7,8.2,0.6,NA,30.7,58,3.4,69,216.33112119134685,147.33112119134685,FALSE,FALSE,FALSE,FALSE
 14882998 ,-41.491,-15.737,2004-01-02T16:17:00Z,Mata Atlântica,2004,1,2,18,2906709,candido sales,bahia,-41.24111759458309,-15.506066350790249,87.8,0.1,19.4,3.7,0.4,NA,30.4,47,2.9,22,226.1470068273117,155.8529931726883,FALSE,FALSE,FALSE,FALSE
 14882981 ,-38.955,-15.965,2004-01-02T16:17:00Z,Mata Atlântica,2004,1,2,18,2903409,belmonte,bahia,-38.8803032385601,-15.861396491786849,63.1,0.2,23.5,8.2,0.5,NA,30.1,64,5.6,31,214.72555289607192,176.27444710392808,FALSE,FALSE,FALSE,FALSE
 14882980 ,-39.196,-14.049,2004-01-02T16:17:00Z,Mata Atlântica,2004,1,2,18,2903102,barra do rocha,bahia,-39.60138608986598,-14.210029248500952,72.2,0.2,24,7.7,0.7,NA,30,61,3.1,50,67.77474097855725,17.774740978557247,TRUE,TRUE,TRUE,TRUE
 14882980 ,-39.196,-14.049,2004-01-02T16:17:00Z,Mata Atlântica,2004,1,2,18,2911204,gandu,bahia,-39.48632407929178,-13.743780788511248,72.8,0.2,23.9,8.4,0.6,NA,30.4,59,3.4,66,137.3166679388126,71.3166679388126,FALSE,FALSE,FALSE,FALSE
 14882970 ,-39.137,-12.33,2004-01-02T16:17:00Z,Mata Atlântica,2004,1,2,18,2904852,cabaceiras do paraguacu,bahia,-39.18671309224037,-12.5371357853541,80.7,0.4,24.9,12.2,1.3,NA,33.5,46,2.5,91,13.195888124144403,77.8041118758556,FALSE,FALSE,FALSE,FALSE
 14882970 ,-39.137,-12.33,2004-01-02T16:17:00Z,Mata Atlântica,2004,1,2,18,2910800,feira de santana,bahia,-38.96003309632135,-12.22928425248005,76.2,0.2,23.9,10.1,0.8,NA,33.9,46,2.3,94,239.76264414665795,145.76264414665795,FALSE,FALSE,FALSE,FALSE
 14882967 ,-39.087,-15.717,2004-01-02T16:17:00Z,Mata Atlântica,2004,1,2,18,2928059,santa luzia,bahia,-39.33249342504252,-15.432787984634802,70.5,0.3,23.8,8.3,0.6,NA,30.2,62,4,32,140.2706914965794,108.27069149657939,FALSE,FALSE,FALSE,FALSE
 14882955 ,-39.397,-15.403,2004-01-02T16:17:00Z,Mata Atlântica,2004,1,2,18,2915403,itaju do colonia,bahia,-39.724724614929684,-15.140193552404197,69.1,0.2,22.1,6.4,0.5,NA,30.5,58,3.4,34,129.7786553026732,95.7786553026732,FALSE,FALSE,FALSE,FALSE
 14882942 ,-40.946,-16.957,2004-01-02T16:16:00Z,Mata Atlântica,2004,1,2,18,3138906,machacalis,minas gerais,-40.720422132249404,-17.077370352888195,76.2,0,19.1,3.2,0.2,NA,31.8,47,3,32,299.1302901932917,92.86970980670827,FALSE,FALSE,FALSE,FALSE
 14883119 ,-40.025,-3.597,2004-01-02T16:20:00Z,Caatinga,2004,1,2,18,2304350,forquilha,ceara,-40.25876899810822,-3.7989577430849444,91.5,0.1,22.8,8.8,0.5,NA,34.2,39,4.2,76,49.124111688265714,26.875888311734286,TRUE,TRUE,TRUE,TRUE
 14883115 ,-40.82,-4.686,2004-01-02T16:20:00Z,Caatinga,2004,1,2,18,2305902,ipueiras,ceara,-40.71569651059377,-4.543785495,124.2,0.2,26.7,10.3,0.3,NA,33.7,38,3.3,88,216.16433791535277,128.16433791535277,FALSE,FALSE,FALSE,FALSE
 14883110 ,-42.068,-4.11,2004-01-02T16:20:00Z,Caatinga,2004,1,2,18,2201945,boqueirao do piaui,piaui,-42.10362713474732,-4.485819631643734,126.8,0.1,23.5,10.8,0.2,NA,35.3,36,1.8,89,5.401576265394681,83.59842373460532,FALSE,FALSE,FALSE,FALSE
 14883106 ,-37.996,-4.406,2004-01-02T16:20:00Z,Caatinga,2004,1,2,18,2303501,cascavel,ceara,-38.23968594067706,-4.1314336782074506,72.2,0.1,20.2,7.1,0.6,NA,32.3,49,5,72,138.49797749294805,66.49797749294805,FALSE,FALSE,FALSE,FALSE
 14883105 ,-41.314,-3.119,2004-01-02T16:20:00Z,Caatinga,2004,1,2,18,2201919,bom principio do piaui,piaui,-41.64520957012553,-3.189858687605385,96.6,0.1,19.6,6.9,0.2,NA,34.5,41,4.1,58,77.91559110895099,19.91559110895099,TRUE,TRUE,TRUE,TRUE
 14883105 ,-41.314,-3.119,2004-01-02T16:20:00Z,Caatinga,2004,1,2,18,2205706,luis correia,piaui,-41.66456723227479,-2.88156653584822,91.5,0.1,19.3,6,0.2,NA,29.7,68,6.7,43,124.15471561203697,81.15471561203697,FALSE,FALSE,FALSE,FALSE
 14883031 ,-36.77,-8.598,2004-01-02T16:18:00Z,Caatinga,2004,1,2,18,2603207,caetes,pernambuco,-36.62480400761237,-8.77559484478882,91.8,0.1,32.5,3.9,0.5,NA,31.3,43,2.8,80,321.0442063212163,118.95579367878372,FALSE,FALSE,FALSE,FALSE
 14883030 ,-36.115,-9.396,2004-01-02T16:18:00Z,Mata Atlântica,2004,1,2,18,2708600,sao miguel dos campos,alagoas,-36.094264274377586,-9.77993457613103,73.3,0.3,27.3,6.7,0.7,NA,31.3,54,4.1,80,356.9499149003737,83.0500850996263,FALSE,FALSE,FALSE,FALSE
 14883206 ,-47.714,-1.754,2004-01-02T16:21:00Z,Amazônia,2004,1,2,18,1503507,irituia,para,-47.440755612848314,-1.7714749950000002,158.3,0.4,26.1,17.7,0.3,NA,31.7,68,3.9,45,273.6568129624658,131.34318703753422,FALSE,FALSE,FALSE,FALSE
 14883204 ,-46.131,-1.732,2004-01-02T16:21:00Z,Amazônia,2004,1,2,18,2100550,amapa do maranhao,maranhao,-46.00917990038745,-1.680921495121785,149.5,0.4,26.2,14.8,0.2,NA,29.9,84,4.2,48,247.24109079634258,160.75890920365742,FALSE,FALSE,FALSE,FALSE
 14883203 ,-45.586,-1.86,2004-01-02T16:21:00Z,Amazônia,2004,1,2,18,2106326,maracacume,maranhao,-45.9586390371679,-2.05616454951514,156.3,0.4,26.1,15.9,0.2,NA,30.4,81,3.8,50,62.229459734114585,12.229459734114585,TRUE,TRUE,TRUE,TRUE
 14883201 ,-47.454,-0.794,2004-01-02T16:21:00Z,Amazônia,2004,1,2,18,1502905,curuca,para,-47.85126508593515,-0.73249551,152.3,0.3,26.8,19,0.3,NA,29.9,80,4.5,47,98.8040281881872,51.8040281881872,FALSE,FALSE,FALSE,FALSE
 14883131 ,-44.799,-2.76,2004-01-02T16:20:00Z,Amazônia,2004,1,2,18,2111706,sao vicente ferrer,maranhao,-44.88690457661455,-2.8907310643779454,119.7,0.1,20.7,8.7,0.3,NA,31.8,65,3.9,48,33.887105654973936,14.112894345026064,TRUE,TRUE,TRUE,TRUE
 14883130 ,-45.421,-2.275,2004-01-02T16:20:00Z,Amazônia,2004,1,2,18,2110039,santa luzia do parua,maranhao,-45.776461561590054,-2.546161474814905,137.3,0.2,24.9,12.1,0.2,NA,30.8,79,3.4,56,52.64516949166341,3.3548305083365904,TRUE,TRUE,TRUE,TRUE
 14883280 ,-46.407,-1.77,2004-01-02T16:21:00Z,Amazônia,2004,1,2,18,2100550,amapa do maranhao,maranhao,-46.00917990038745,-1.680921495121785,149.5,0.4,26.2,14.8,0.2,NA,29.9,84,4.2,48,257.3672352278925,150.63276477210752,FALSE,FALSE,FALSE,FALSE
 14883222 ,-47.929,-1.055,2004-01-02T16:21:00Z,Amazônia,2004,1,2,18,1502608,colares,para,-48.28872843194944,-0.932091243957739,150.6,0.3,27.6,19,0.4,NA,29.6,81,4.4,48,108.86950120665676,60.869501206656764,FALSE,FALSE,FALSE,FALSE
 14883225 ,-47.854,-1.149,2004-01-02T16:21:00Z,Amazônia,2004,1,2,18,1503408,inhangapi,para,-47.913392746588514,-1.42658198091031,170.8,0.6,28.3,21.5,0.5,NA,31,73,4,45,12.07488990684692,32.92511009315308,FALSE,TRUE,TRUE,TRUE
 14883196 ,-47.861,-1.055,2004-01-02T16:21:00Z,Amazônia,2004,1,2,18,1502905,curuca,para,-47.85126508593515,-0.73249551,152.3,0.3,26.8,19,0.3,NA,29.9,80,4.5,47,181.7286848698897,134.7286848698897,FALSE,FALSE,FALSE,FALSE
 14883196 ,-47.861,-1.055,2004-01-02T16:21:00Z,Amazônia,2004,1,2,18,1507466,sao joao da ponta,para,-47.92072416564616,-0.851002145269607,157.7,0.4,27.4,19.9,0.4,NA,30,80,4.4,46,163.68425074318645,117.68425074318645,FALSE,FALSE,FALSE,FALSE
 14883191 ,-46.149,-2.329,2004-01-02T16:20:00Z,Amazônia,2004,1,2,18,2109239,presidente medici,maranhao,-45.82070864755384,-2.3836640465391343,143.8,0.3,25.4,13.4,0.2,NA,30.8,79,3.4,55,279.45471243150564,135.54528756849436,FALSE,FALSE,FALSE,FALSE
 14883189 ,-45.762,-2.079,2004-01-02T16:20:00Z,Amazônia,2004,1,2,18,2106375,maranhaozinho,maranhao,-45.855611454866754,-2.235616992075995,147.8,0.3,25.6,14.1,0.2,NA,30.7,80,3.6,53,30.851048203029563,22.148951796970437,TRUE,TRUE,TRUE,TRUE
 14883187 ,-44.148,-2.523,2004-01-02T16:20:00Z,Amazônia,2004,1,2,18,2105104,icatu,maranhao,-44.06584846863997,-2.77482786309925,115.1,0.1,20,8.1,0.4,NA,32.4,54,4.3,47,341.948725465258,65.05127453474199,FALSE,FALSE,FALSE,FALSE
 14883187 ,-44.148,-2.523,2004-01-02T16:20:00Z,Amazônia,2004,1,2,18,2107100,morros,maranhao,-44.04454454317563,-2.8614789530879046,112,0.1,20,7.4,0.3,NA,32.7,53,4.2,46,343.019548152683,62.980451847317,FALSE,FALSE,FALSE,FALSE
 14883187 ,-44.148,-2.523,2004-01-02T16:20:00Z,Amazônia,2004,1,2,18,2109205,presidente juscelino,maranhao,-44.07677942141845,-2.9282292461492245,117.9,0.2,20.2,8.8,0.5,NA,32.6,54,4.2,46,350.04118988312916,55.958810116870836,FALSE,FALSE,FALSE,FALSE
 14883274 ,-47.568,-0.743,2004-01-02T16:21:00Z,Amazônia,2004,1,2,18,1507474,sao joao de pirabas,para,-47.17267429792051,-0.7664425315153709,133.6,0.1,25.7,15.7,0.1,NA,28.4,82,5.5,54,273.3913013703262,140.60869862967382,FALSE,FALSE,FALSE,FALSE
 14883273 ,-45.737,-1.271,2004-01-02T16:21:00Z,Amazônia,2004,1,2,18,2104305,godofredo viana,maranhao,-45.771754808052265,-1.4098001867327798,145.5,0.3,25.4,14,0.2,NA,29.6,85,4.6,49,14.05423292804079,34.94576707195921,FALSE,TRUE,TRUE,TRUE
 14883271 ,-47.856,-1.058,2004-01-02T16:21:00Z,Amazônia,2004,1,2,18,1507466,sao joao da ponta,para,-47.92072416564616,-0.851002145269607,157.7,0.4,27.4,19.9,0.4,NA,30,80,4.4,46,162.63935394140162,116.63935394140162,FALSE,FALSE,FALSE,FALSE
 14883270 ,-45.598,-1.862,2004-01-02T16:21:00Z,Amazônia,2004,1,2,18,2104677,governador nunes freire,maranhao,-45.881481132794235,-2.1349623600000003,151.8,0.4,25.7,14.9,0.2,NA,30.5,81,3.8,52,46.0705765755431,5.9294234244569,TRUE,TRUE,TRUE,TRUE
 14883267 ,-45.609,-1.383,2004-01-02T16:21:00Z,Amazônia,2004,1,2,18,2112407,turiacu,maranhao,-45.36915241722407,-1.66902204768173,141.5,0.3,25.2,11.9,0.2,NA,29.7,85,4.7,52,320.02478083444555,91.97521916555445,FALSE,FALSE,FALSE,FALSE
 14883234 ,-47.709,-1.757,2004-01-02T16:21:00Z,Amazônia,2004,1,2,18,1506609,santa maria do para,para,-47.57469541380905,-1.3478664592967,158.9,0.5,27.1,19,0.4,NA,30.8,75,4.1,45,198.16523635139671,153.16523635139671,FALSE,FALSE,FALSE,FALSE
 14883229 ,-47.862,-1.147,2004-01-02T16:21:00Z,Amazônia,2004,1,2,18,1507003,santo antonio do taua,para,-48.13243307484572,-1.1516924999999998,158.3,0.4,28.7,20.4,0.5,NA,30.4,79,4.1,45,89.00842907942013,44.008429079420125,FALSE,FALSE,FALSE,TRUE
 14883229 ,-47.862,-1.147,2004-01-02T16:21:00Z,Amazônia,2004,1,2,18,1507409,sao francisco do para,para,-47.79051461070509,-1.170188784676975,162.3,0.5,28,20.5,0.5,NA,30.3,79,4.2,45,287.97499647707605,117.02500352292395,FALSE,FALSE,FALSE,FALSE
 14883229 ,-47.862,-1.147,2004-01-02T16:21:00Z,Amazônia,2004,1,2,18,1508209,vigia,para,-48.14149858520692,-0.855532573667763,154,0.4,27.5,19.3,0.4,NA,29.8,81,4.4,47,136.20760868486536,89.20760868486536,FALSE,FALSE,FALSE,FALSE
 14883140 ,-42.337,-3.762,2004-01-02T16:20:00Z,Caatinga,2004,1,2,18,2110104,santa quiteria do maranhao,maranhao,-42.56287300973521,-3.4984849951150903,109.1,0.1,19.7,7.3,0.1,NA,34.6,40,3.2,55,139.46227356101258,84.46227356101258,FALSE,FALSE,FALSE,FALSE
 14883140 ,-42.337,-3.762,2004-01-02T16:20:00Z,Caatinga,2004,1,2,18,2202174,campo largo do piaui,piaui,-42.62604104166089,-3.8078689391975993,115.7,0.1,20.2,8.6,0.2,NA,35.1,38,2.5,63,80.97289856045995,17.972898560459953,TRUE,TRUE,TRUE,TRUE
 14895818 ,-51.052,-15.048,2004-01-03T17:00:00Z,Cerrado,2004,1,3,18,5202155,araguapaz,goias,-50.63474241171356,-15.088530370369897,192.1,0.2,5,8.5,0,NA,24.7,94,2.6,9,275.6900179387227,93.30998206127731,FALSE,FALSE,FALSE,FALSE
 14895817 ,-48.995,-15.426,2004-01-03T17:00:00Z,Cerrado,2004,1,3,18,5208608,goianesia,goias,-49.115810150774536,-15.322288752488296,166.5,0.1,7.9,8.3,0.1,NA,24.7,81,2.1,323,131.69546635574517,168.69546635574517,FALSE,FALSE,FALSE,FALSE
 14895817 ,-48.995,-15.426,2004-01-03T17:00:00Z,Cerrado,2004,1,3,18,5217302,pirenopolis,goias,-48.962527192617856,-15.853342297545348,169.1,0.1,8.3,8.6,0.2,NA,24.7,77,1.7,328,355.8104849000419,27.8104849000419,TRUE,TRUE,TRUE,TRUE
 14895814 ,-48.553,-20.357,2004-01-03T16:59:00Z,Cerrado,2004,1,3,18,3524204,jaborandi,sao paulo,-48.41344492062857,-20.68722449937575,157.2,0.3,16.5,6.3,0.2,NA,26.9,73,1.4,168,338.3824969651306,170.3824969651306,FALSE,FALSE,FALSE,FALSE
 14895781 ,-51.833,-27.303,2004-01-03T16:57:00Z,Mata Atlântica,2004,1,3,18,4209003,joacaba,santa catarina,-51.50668973333774,-27.1739445292328,57.7,0.1,22.5,0,0.3,NA,25.5,43,2.2,76,245.9446254751171,169.9446254751171,FALSE,FALSE,FALSE,FALSE
 14895781 ,-51.833,-27.303,2004-01-03T16:57:00Z,Mata Atlântica,2004,1,3,18,4217501,seara,santa catarina,-52.3028548279905,-27.1456976228746,60.8,0.1,23.5,0,0.3,NA,26.8,46,1.5,90,110.73856133800882,20.73856133800882,TRUE,TRUE,TRUE,TRUE
 14895775 ,-52.907,-24.929,2004-01-03T16:57:00Z,Mata Atlântica,2004,1,3,18,4100459,altamira do parana,parana,-52.70980744669154,-24.80100016349565,93.2,0.1,21.9,0,0.2,NA,26.4,48,2,112,234.37748521373896,122.37748521373896,FALSE,FALSE,FALSE,FALSE
 14895775 ,-52.907,-24.929,2004-01-03T16:57:00Z,Mata Atlântica,2004,1,3,18,4128005,ubirata,parana,-52.99450601584554,-24.541034884992143,97.2,0.1,21.6,0,0.2,NA,27.3,47,2.2,107,168.4409923361584,61.44099233615839,FALSE,FALSE,FALSE,FALSE
 14895766 ,-53.093,-25.405,2004-01-03T16:57:00Z,Mata Atlântica,2004,1,3,18,4103057,boa vista da aparecida,parana,-53.41173648903694,-25.4304049443238,88.7,0.1,24.3,0,0.2,NA,27.5,48,1.6,109,85.02528493389786,23.974715066102135,TRUE,TRUE,TRUE,TRUE
 14895766 ,-53.093,-25.405,2004-01-03T16:57:00Z,Mata Atlântica,2004,1,3,18,4104055,campo bonito,parana,-52.996869603650225,-25.039634482789666,90.4,0.1,23,0,0.2,NA,26.7,47,1.8,111,193.3681290217924,82.36812902179241,FALSE,FALSE,FALSE,FALSE
 14895766 ,-53.093,-25.405,2004-01-03T16:57:00Z,Mata Atlântica,2004,1,3,18,4127858,tres barras do parana,parana,-53.18749880054594,-25.419408319478265,87.3,0.1,24.3,0,0.2,NA,27.1,49,1.6,111,80.43886302854207,30.561136971457927,FALSE,TRUE,TRUE,TRUE
 14895759 ,-51.166,-27.718,2004-01-03T16:57:00Z,Mata Atlântica,2004,1,3,18,4219150,vargem,santa catarina,-50.97815062565487,-27.4899701004296,53.7,0.1,21.7,0,0.3,NA,24.7,44,2.5,69,216.086770184029,147.086770184029,FALSE,FALSE,FALSE,FALSE
 14895759 ,-51.166,-27.718,2004-01-03T16:57:00Z,Mata Atlântica,2004,1,3,18,4219853,zortea,santa catarina,-51.54956630684079,-27.450251411681847,58.8,0.1,22.3,0,0.3,NA,25.7,45,2.2,74,128.31166029184487,54.31166029184487,FALSE,FALSE,FALSE,FALSE
 14895759 ,-51.166,-27.718,2004-01-03T16:57:00Z,Mata Atlântica,2004,1,3,18,4301800,barracao,rio grande do sul,-51.46015145837845,-27.68022987138974,59.7,0.1,22.3,0,0.3,NA,25.7,45,2.1,73,98.32003732509503,25.32003732509503,TRUE,TRUE,TRUE,TRUE
 14895757 ,-51.94,-27.177,2004-01-03T16:57:00Z,Mata Atlântica,2004,1,3,18,4207809,irani,santa catarina,-51.904107924029404,-27.016186689115944,60,0.1,22.9,0,0.3,NA,26.2,42,1.9,83,191.22976562569715,108.22976562569715,FALSE,FALSE,FALSE,FALSE
 14895721 ,-51.839,-27.302,2004-01-03T16:57:00Z,Mata Atlântica,2004,1,3,18,4200408,agua doce,santa catarina,-51.55909655529459,-27.004091658860098,58,0.1,22.6,0,0.4,NA,25.4,42,2.2,77,219.83230537343553,142.83230537343553,FALSE,FALSE,FALSE,FALSE
 14895721 ,-51.839,-27.302,2004-01-03T16:57:00Z,Mata Atlântica,2004,1,3,18,4201273,arabuta,santa catarina,-52.14859926069822,-27.157403695942843,60.5,0.1,23.3,0,0.3,NA,26.6,45,1.6,87,117.78156890199222,30.781568901992216,FALSE,TRUE,TRUE,TRUE
